filename_id,species,endangered
007_0001,0,0.2
007_0002,0,0.6
007_0003,0,0.4
007_0004,0,0
007_0005,0,0
007_0006,0,0
007_0007,0,0
007_0008,0,0
007_0009,0,0
007_0010,0,0
007_0011,0,0.2
007_0012,0,0
007_0013,0,0
007_0014,0,0
007_0015,0,0
007_0016,0,0.6
007_0017,0,0
007_0018,0,0
007_0019,0,0
007_0020,0,0
007_0021,0,0
007_0022,0,0
007_0023,0,0.4
007_0024,0,0
007_0025,0,0.4
007_0026,0,0
007_0027,0,-1
007_0028,0,0.4
007_0029,0,0.4
007_0030,0,0.2
007_0031,0,0
007_0032,0,0
007_0033,0,0.2
007_0034,0,0
007_0035,0,0
007_0036,0,0.2
007_0037,0,0
007_0038,0,0.4
007_0039,0,0.2
007_0040,0,0
007_0041,0,0.4
007_0042,0,0.6
007_0043,0,0
007_0044,0,0
007_0045,0,0.6
007_0046,0,
007_0047,0,0
007_0048,0,0
007_0049,0,0
007_0050,0,
007_0051,0,0
007_0052,0,0.2
007_0053,0,
007_0054,0,0.2
007_0055,0,0
007_0056,0,0.6
007_0057,0,0
007_0058,0,0
009_0001,1,0
009_0002,1,0
009_0003,1,0
009_0004,1,0
009_0005,1,0.4
009_0006,1,0
009_0007,1,0.4
009_0008,1,0
009_0009,1,0
009_0010,1,0
009_0011,1,-1
009_0012,1,-1
009_0013,1,0
009_0014,1,0
009_0015,1,0.4
009_0016,1,0
009_0017,1,0.4
009_0018,1,-1
009_0019,1,0
009_0020,1,0
009_0021,1,0.4
009_0022,1,0
009_0023,1,0
009_0024,1,0.4
009_0025,1,0
009_0026,1,0
009_0027,1,0
009_0028,1,0
009_0029,1,0
009_0030,1,0
009_0031,1,0.4
009_0032,1,0.4
009_0033,1,0
009_0034,1,0
009_0035,1,0.4
009_0036,1,0
009_0037,1,0.4
009_0038,1,0
009_0039,1,0
009_0040,1,0
009_0041,1,0.4
009_0042,1,0
009_0043,1,0.4
009_0044,1,0
009_0045,1,0.4
009_0046,1,0
009_0047,1,0.4
009_0048,1,0
009_0049,1,0
009_0050,1,0
009_0051,1,0
024_0001,2,0.6
024_0002,2,0
024_0003,2,0.4
024_0004,2,0.6
024_0005,2,0
024_0006,2,0
024_0007,2,0.6
024_0008,2,0
024_0009,2,0
024_0010,2,0
024_0011,2,0
024_0012,2,0
024_0013,2,0
024_0014,2,0
024_0015,2,0
024_0016,2,0
024_0017,2,0
024_0018,2,0
024_0019,2,0.6
024_0020,2,0
024_0021,2,0
024_0022,2,0.6
024_0023,2,0
024_0024,2,0
024_0025,2,0
024_0026,2,0
024_0027,2,0
024_0028,2,0.6
024_0029,2,0
024_0030,2,0.2
024_0031,2,0
024_0032,2,0
024_0033,2,0
024_0034,2,0
024_0035,2,0
024_0036,2,0
024_0037,2,0
024_0038,2,0
024_0039,2,0
024_0040,2,0.6
024_0041,2,0
024_0042,2,0
024_0043,2,0.6
024_0044,2,0.6
024_0045,2,0
024_0046,2,0
024_0047,2,0
024_0048,2,0
024_0049,2,0
024_0050,2,0
024_0051,2,0
024_0052,2,0
024_0053,2,0
024_0054,2,0
024_0055,2,0
024_0056,2,0
028_0001,3,0
028_0002,3,0
028_0003,3,0.8
028_0004,3,0
028_0005,3,0.8
028_0006,3,0.8
028_0007,3,0
028_0008,3,0.8
028_0009,3,0.8
028_0010,3,0
028_0011,3,0.8
028_0012,3,0.8
028_0013,3,0.8
028_0014,3,0
028_0015,3,0.8
028_0016,3,0
028_0017,3,0
028_0018,3,1
028_0019,3,0
028_0020,3,0.8
028_0021,3,0
028_0022,3,0
028_0023,3,0.8
028_0024,3,0.8
028_0025,3,0
028_0026,3,0.8
028_0027,3,0
028_0028,3,0
028_0029,3,0.8
028_0030,3,0.8
028_0031,3,0
028_0032,3,0.8
028_0033,3,0.8
028_0034,3,0.8
028_0035,3,0.8
028_0036,3,0.8
028_0037,3,0.8
028_0038,3,0
028_0039,3,0
028_0040,3,0
028_0041,3,0
028_0042,3,0
028_0043,3,0
028_0044,3,0
028_0045,3,0
028_0046,3,0
028_0047,3,0
028_0048,3,0
028_0049,3,0.8
028_0050,3,0
028_0051,3,-1
028_0052,3,0
028_0053,3,0
028_0054,3,0.8
028_0055,3,0
034_0001,4,0
034_0002,4,0
034_0003,4,0
034_0004,4,0
034_0005,4,0
034_0006,4,0
034_0007,4,0
034_0008,4,0
034_0009,4,0
034_0010,4,0.6
034_0011,4,0
034_0012,4,0
034_0013,4,0
034_0014,4,0
034_0015,4,0
034_0016,4,0
034_0017,4,0
034_0018,4,0
034_0019,4,0
034_0020,4,0
034_0021,4,0
034_0022,4,0
034_0023,4,0
034_0024,4,0
034_0025,4,0
034_0026,4,0
034_0027,4,0
034_0028,4,0
034_0029,4,-1
034_0030,4,0
034_0031,4,0
034_0032,4,0
034_0033,4,0
034_0034,4,0
034_0035,4,0
034_0036,4,0
034_0037,4,0
034_0038,4,0
034_0039,4,0
034_0040,4,0
034_0041,4,0
034_0042,4,-1
034_0043,4,0
034_0044,4,0
034_0045,4,0
034_0046,4,0
034_0047,4,0
034_0048,4,0
034_0049,4,0
034_0050,5,0
040_0001,5,0
040_0002,5,0
040_0003,5,0
040_0004,5,0
040_0005,5,0
040_0006,5,0
040_0007,5,0
040_0008,5,0
040_0009,5,0
040_0010,5,0
040_0011,5,0
040_0012,5,0
040_0013,5,0
040_0014,5,0
040_0015,5,0
040_0016,5,0
040_0017,5,0
040_0018,5,0
040_0019,5,0
040_0020,5,0
040_0021,5,0
040_0022,5,0
040_0023,5,0
040_0024,5,0
040_0025,5,0
040_0026,5,0
040_0027,5,0
040_0028,5,0
040_0029,5,0
040_0030,5,0
040_0031,5,0
040_0032,5,0
040_0033,5,0
040_0034,5,0
040_0035,5,0
040_0036,5,0
040_0037,5,0
040_0038,5,0
040_0039,5,0
040_0040,5,0
040_0041,5,0
040_0042,5,0
040_0043,5,0
040_0044,5,0
040_0045,5,0
040_0046,5,0
040_0047,5,0
040_0048,5,0
040_0049,5,0
040_0050,5,0
040_0051,5,0
040_0052,5,0
040_0053,5,0
040_0054,5,0
040_0055,5,0
040_0056,5,0
040_0057,5,0
040_0058,5,0
040_0059,5,0
040_0060,5,0
040_0061,5,0
040_0062,5,-1
048_0001,6,0.6
048_0002,6,0
048_0003,6,0
048_0004,6,0.6
048_0005,6,0.6
048_0006,6,0.6
048_0007,6,0.6
048_0008,6,0.6
048_0009,6,0
048_0010,6,0
048_0011,6,0.6
048_0012,6,0
048_0013,6,0.6
048_0014,6,0.6
048_0015,6,-1
048_0016,6,0.6
048_0017,6,0.6
048_0018,6,0.6
048_0019,6,0.6
048_0020,6,0.2
048_0021,6,0.8
048_0022,6,0.6
048_0023,6,0
048_0024,6,0.6
048_0025,6,0.6
048_0026,6,0.6
048_0027,6,0.6
048_0028,6,0.6
048_0029,6,0.6
048_0030,6,0.6
048_0031,6,0.6
048_0032,6,0.6
048_0033,6,0.6
048_0034,6,0
048_0035,6,0
048_0036,6,0.6
048_0037,6,0.6
048_0038,6,0.6
048_0039,6,0.6
048_0040,6,0
048_0041,6,0.6
048_0042,6,0.6
048_0043,6,0
048_0044,6,0.4
048_0045,6,-1
048_0046,6,0.6
048_0047,6,0.6
048_0048,6,0.6
048_0049,6,0.6
048_0050,6,0.6
048_0051,6,0.6
052_0001,7,0
052_0002,7,0
052_0003,7,0
052_0004,7,0
052_0005,7,0
052_0006,7,0
052_0007,7,0
052_0008,7,0
052_0009,7,0
052_0010,7,0
052_0011,7,0
052_0012,7,0
052_0013,7,0
052_0014,7,0
052_0015,7,0
052_0016,7,0
052_0017,7,0
052_0018,7,0
052_0019,7,0
052_0020,7,0
052_0021,7,0
052_0022,7,0
052_0023,7,0
052_0024,7,0
052_0025,7,0
052_0026,7,0
052_0027,7,0
052_0028,7,0
052_0029,7,0
052_0030,7,-1
052_0031,7,0
052_0032,7,0
052_0033,7,0
052_0034,7,0
052_0035,7,0
052_0036,7,0
052_0037,7,0
052_0038,7,-1
052_0039,7,0
052_0040,7,0
052_0041,7,0
052_0042,7,0
056_0001,8,0
056_0002,8,0
056_0003,8,0
056_0004,8,0
056_0005,8,0
056_0006,8,0
056_0007,8,0
056_0008,8,0
056_0009,8,0
056_0010,8,0
056_0011,8,0
056_0012,8,0
056_0013,8,0
056_0014,8,0
056_0015,8,0
056_0016,8,0
056_0017,8,0
056_0018,8,0
056_0019,8,0
056_0020,8,0
056_0021,8,0
056_0022,8,0
056_0023,8,0
056_0024,8,0
056_0025,8,0
056_0026,8,0
056_0027,8,0
056_0028,8,0
056_0029,8,0
056_0030,8,0
056_0031,8,0
056_0032,8,0
056_0033,8,0
056_0034,8,0
056_0035,8,0
056_0036,8,0
056_0037,8,0
056_0038,8,0
056_0039,8,0
056_0040,8,0
056_0041,8,0
056_0042,8,0
056_0043,8,0
056_0044,8,0
056_0045,8,0
056_0046,8,0
056_0047,8,0
056_0048,8,0
056_0049,8,0
056_0050,8,0
056_0051,8,0
057_0001,9,-1
057_0002,9,-1
057_0003,9,0
057_0004,9,0.2
057_0005,9,0
057_0006,9,0
057_0007,9,0
057_0008,9,0
057_0009,9,0
057_0010,9,0
057_0011,9,0
057_0012,9,0
057_0013,9,0
057_0014,9,0
057_0015,9,0
057_0016,9,0
057_0017,9,-1
057_0018,9,0
057_0019,9,0
057_0020,9,0
057_0021,9,0
057_0022,9,-1
057_0023,9,0.6
057_0024,9,-1
057_0025,9,0.4
057_0026,9,0.2
057_0027,9,0.6
057_0028,9,0
057_0029,9,0
057_0030,9,0.6
057_0031,9,0.4
057_0032,9,0
057_0033,9,0
057_0034,9,0
057_0035,9,0.4
057_0036,9,0
057_0037,9,0
057_0038,9,0
057_0039,9,0
057_0040,9,0
057_0041,9,0.6
057_0042,9,0
057_0043,9,0
057_0044,9,0
057_0045,9,0
057_0046,9,0
057_0047,9,0
057_0048,9,0
057_0049,9,0
057_0050,9,0
057_0051,9,0.4
057_0052,9,0
057_0053,9,0
060_0001,10,0
060_0002,10,0
060_0003,10,0
060_0004,10,0
060_0005,10,0
060_0006,10,0
060_0007,10,0
060_0008,10,0
060_0009,10,0
060_0010,10,0
060_0011,10,0
060_0012,10,0
060_0013,10,0
060_0014,10,0
060_0015,10,0
060_0016,10,0
060_0017,10,0
060_0018,10,0
060_0019,10,0
060_0020,10,0
060_0021,10,0
060_0022,10,0
060_0023,10,0
060_0024,10,0
060_0025,10,0
060_0026,10,0
060_0027,10,0
060_0028,10,0
060_0029,10,0
060_0030,10,0
060_0031,10,0
060_0032,10,0
060_0033,10,0
060_0034,10,0
060_0035,10,0
060_0036,10,0
060_0037,10,0
060_0038,10,0
060_0039,10,0
060_0040,10,0
060_0041,10,0
060_0042,10,0
060_0076,10,0.4
064_0001,11,0.6
064_0002,11,0.8
064_0003,11,0.6
064_0004,11,0.6
064_0005,11,-1
064_0006,11,0.6
064_0007,11,0.6
064_0008,11,0.6
064_0009,11,0.6
064_0010,11,0.6
064_0011,11,0.6
064_0012,11,0.6
064_0013,11,0.6
064_0014,11,0.6
064_0015,11,-1
064_0016,11,0.6
064_0017,11,0.6
064_0018,11,0.6
064_0019,11,0.6
064_0020,11,0.6
064_0021,11,0.6
064_0022,11,0.6
064_0023,11,0.6
064_0024,11,0.6
064_0025,11,0.6
064_0026,11,0.6
064_0027,11,0.6
064_0028,11,-1
064_0029,11,0.6
064_0030,11,0.8
064_0031,11,0.6
064_0032,11,0.6
064_0033,11,0.6
064_0034,11,0.6
064_0035,11,0.6
064_0036,11,0.6
064_0037,11,0.6
064_0038,11,0.8
064_0039,11,0.6
064_0040,11,-1
064_0041,11,0.6
064_0042,11,0.6
064_0043,11,0.6
064_0044,11,-1
064_0045,11,0.6
064_0046,11,0.8
064_0047,11,0.6
064_0048,11,0.8
064_0049,11,0.6
064_0050,11,0.6
064_0051,11,0.6
064_0052,11,0.6
064_0053,11,0.6
064_0054,11,0.6
064_0055,11,0.6
064_0056,11,0.6
064_0057,11,0.6
064_0058,11,0.6
064_0059,11,0.6
064_0060,11,0.6
064_0061,11,0.6
064_0062,11,0.6
064_0063,11,0.6
064_0064,11,0.6
064_0065,11,0.8
065_0001,12,0
065_0002,12,0
065_0003,12,0
065_0004,12,0
065_0005,12,0
065_0006,12,0
065_0007,12,0
065_0008,12,0
065_0009,12,0
065_0010,12,0
065_0011,12,0
065_0012,12,0
065_0013,12,0
065_0014,12,0
065_0015,12,0
065_0016,12,0
065_0017,12,0
065_0018,12,0
065_0019,12,0
065_0020,12,0
065_0021,12,0
065_0022,12,0
065_0023,12,0
065_0024,12,0
065_0025,12,0
065_0026,12,0
065_0027,12,0
065_0028,12,0
065_0029,12,0
065_0030,12,0
065_0031,12,0
065_0032,12,0
065_0033,12,0
065_0034,12,0
065_0035,12,0
065_0036,12,0
065_0037,12,0
065_0038,12,0
065_0039,12,0
065_0040,12,0
065_0041,12,0
065_0042,12,0
065_0043,12,0
065_0044,12,0
065_0045,12,0
065_0046,12,0
065_0047,12,0
065_0048,12,0
065_0049,12,0
065_0050,12,0
080_0001,13,0
080_0002,13,0
080_0003,13,0
080_0004,13,0
080_0005,13,-1
080_0006,13,0
080_0007,13,0.6
080_0008,13,0
080_0009,13,0
080_0010,13,0
080_0011,13,0.2
080_0012,13,0
080_0013,13,0.6
080_0014,13,0
080_0015,13,0
080_0016,13,0
080_0017,13,0
080_0018,13,0
080_0019,13,0
080_0020,13,0.4
080_0021,13,0
080_0022,13,0
080_0023,13,0
080_0024,13,0
080_0025,13,0
080_0026,13,0
080_0027,13,0
080_0028,13,0
080_0029,13,0
080_0030,13,0
080_0031,13,0
080_0032,13,0.6
080_0033,13,0
080_0034,13,0
080_0035,13,0
080_0036,13,0
080_0037,13,0
080_0038,13,0
080_0039,13,0
080_0040,13,0
080_0041,13,0
080_0042,13,0
080_0043,13,0
080_0044,13,0
080_0045,13,0
080_0046,13,0
080_0047,13,0
080_0048,13,0
080_0049,13,0
080_0050,13,0
080_0051,13,-1
080_0052,13,0
080_0053,13,0
080_0054,13,0
080_0055,13,0
080_0056,13,0
084_0001,14,0.4
084_0002,14,0.4
084_0003,14,0.6
084_0004,14,0.6
084_0005,14,0.4
084_0006,14,0.6
084_0007,14,0.6
084_0008,14,0.8
084_0009,14,0.4
084_0010,14,0.6
084_0011,14,0.4
084_0012,14,0.6
084_0013,14,0.4
084_0014,14,0.4
084_0015,14,0.4
084_0016,14,0.4
084_0017,14,0.6
084_0018,14,0.6
084_0019,14,0.4
084_0020,14,0.4
084_0021,14,0.4
084_0022,14,0.4
084_0023,14,0.4
084_0024,14,0.6
084_0025,14,0.4
084_0026,14,0.4
084_0027,14,0.4
084_0028,14,0.4
084_0029,14,0.4
084_0030,14,0.4
084_0031,14,0.4
084_0032,14,0.4
084_0033,14,0.6
084_0034,14,0.4
084_0035,14,0.4
084_0036,14,0.4
084_0037,14,0.4
084_0038,14,0.6
084_0039,14,0
084_0040,14,0.4
084_0041,14,0.4
084_0042,14,0.4
085_0001,15,0
085_0002,15,0.2
085_0003,15,0
085_0004,15,0
085_0005,15,0.2
085_0006,15,0.2
085_0007,15,0
085_0008,15,0.2
085_0009,15,0
085_0010,15,0.2
085_0011,15,0
085_0012,15,0.4
085_0013,15,0
085_0014,15,0.2
085_0015,15,0.2
085_0016,15,0
085_0017,15,0.2
085_0018,15,0
085_0019,15,0
085_0020,15,0
085_0021,15,0
085_0022,15,0.2
085_0023,15,0
085_0024,15,0
085_0025,15,0
085_0026,15,0.2
085_0027,15,0
085_0028,15,0
085_0029,15,0.2
085_0030,15,0
085_0031,15,0.2
085_0032,15,0.4
085_0033,15,0
085_0034,15,0
085_0035,15,-1
085_0036,15,0.2
085_0037,15,0
085_0038,15,0
085_0039,15,-1
085_0040,15,0.2
085_0041,15,0
085_0042,15,0
085_0043,15,0
085_0044,15,0
085_0045,15,0
085_0046,15,0.2
085_0047,15,0
085_0048,15,0
085_0049,15,0
085_0050,15,0
085_0051,15,0.2
085_0052,15,0
085_0053,15,0
085_0054,15,0
085_0055,15,0
085_0056,15,0
087_0001,16,0
087_0002,16,0
087_0003,16,0
087_0004,16,0
087_0005,16,0
087_0006,16,0
087_0007,16,0
087_0008,16,0
087_0009,16,0
087_0010,16,0
087_0011,16,0
087_0012,16,0
087_0013,16,0
087_0014,16,0
087_0015,16,0
087_0016,16,0
087_0017,16,0
087_0018,16,0
087_0019,16,0
087_0020,16,0
087_0021,16,0
087_0022,16,0
087_0023,16,0
087_0024,16,0
087_0025,16,0
087_0026,16,0
087_0027,16,0
087_0028,16,0
087_0029,16,0
087_0030,16,0
087_0031,16,0
087_0032,16,0
087_0033,16,0
087_0034,16,0
087_0035,16,0
087_0036,16,0
087_0037,16,0
087_0038,16,0
087_0039,16,0
087_0040,16,0
087_0041,16,0
087_0042,16,0
087_0043,16,0
087_0044,16,0
087_0045,16,0
087_0046,16,0
089_0001,17,0
089_0002,17,0
089_0003,17,0
089_0004,17,0
089_0005,17,0
089_0006,17,0
089_0007,17,0
089_0008,17,0
089_0009,17,0
089_0010,17,0
089_0011,17,0
089_0012,17,0.4
089_0013,17,-1
089_0014,17,0
089_0015,17,0
089_0016,17,0
089_0017,17,0
089_0018,17,0
089_0019,17,0
089_0020,17,0
089_0021,17,0
089_0022,17,0
089_0023,17,0.4
089_0024,17,0
089_0025,17,0
089_0026,17,0
089_0027,17,0
089_0028,17,0
089_0029,17,0
089_0030,17,0
089_0031,17,0
089_0032,17,0
089_0033,17,0
089_0034,17,0
089_0035,17,0
089_0036,17,0
089_0037,17,0
089_0038,17,0
089_0039,17,0
089_0040,17,0
089_0041,17,0
089_0042,17,0
089_0043,17,0
089_0044,17,0
089_0045,17,0
089_0046,17,0
089_0047,17,0
089_0048,17,0
089_0049,17,0
089_0050,17,0
089_0051,17,0
089_0052,17,0
089_0053,17,0
089_0054,17,0
089_0055,17,0
090_0001,18,0.8
090_0002,18,0.8
090_0003,18,0.8
090_0004,18,0.8
090_0005,18,0.8
090_0006,18,0.8
090_0007,18,0.8
090_0008,18,0.8
090_0009,18,0.8
090_0010,18,0.6
090_0011,18,0.8
090_0012,18,0.6
090_0013,18,0.6
090_0014,18,0.6
090_0015,18,0.6
090_0016,18,0.8
090_0017,18,0.8
090_0018,18,0.8
090_0019,18,0.8
090_0020,18,0.8
090_0021,18,0.8
090_0022,18,0.8
090_0023,18,0.8
090_0024,18,0.8
090_0025,18,0.8
090_0026,18,0.8
090_0027,18,0.6
090_0028,18,0.8
090_0029,18,0.6
090_0030,18,0.8
090_0031,18,0.6
090_0032,18,0.6
090_0033,18,0.8
090_0034,18,0.6
090_0035,18,0.6
090_0036,18,0.6
090_0037,18,0.8
090_0038,18,0.6
090_0039,18,0.8
090_0040,18,0.6
090_0041,18,0.8
090_0042,18,0.8
090_0043,18,0.8
090_0044,18,0.8
090_0045,18,0.8
090_0046,18,0.8
090_0047,18,0.6
090_0048,18,0.6
090_0049,18,0.8
090_0050,18,0.6
090_0051,18,0.6
090_0052,18,0.6
090_0053,18,0.6
090_0054,18,0.8
090_0055,18,0.8
090_0056,18,0.6
090_0057,18,0.8
090_0058,18,0.8
090_0059,18,0.6
090_0060,18,0.8
090_0061,18,0.8
090_0062,18,0.6
090_0063,18,0.6
090_0064,18,0.8
090_0065,18,0.8
090_0066,18,0.8
090_0067,18,0.8
090_0068,18,0.8
090_0069,18,0.8
090_0070,18,0.6
090_0071,18,0.8
090_0072,18,0.8
090_0073,18,0.6
090_0074,18,0.8
090_0075,18,0.8
090_0076,18,0.8
090_0077,18,0.8
090_0078,18,0.8
090_0079,18,0.6
090_0080,18,0.8
090_0081,18,0.8
090_0082,18,0.8
090_0083,18,0.6
090_0084,18,0.8
090_0085,18,0.8
090_0086,18,0.8
090_0087,18,0.8
090_0088,18,0.8
090_0089,18,0.8
090_0090,18,0.8
090_0091,18,0.8
090_0092,18,0.6
090_0093,18,0.8
090_0094,18,0.6
090_0095,18,0.8
090_0096,18,0.8
090_0097,18,0.6
090_0098,18,0.8
090_0099,18,0.8
090_0100,18,0.8
090_0101,18,0.6
090_0102,18,0.6
090_0103,18,0.8
090_0104,18,0.6
090_0105,18,0.6
090_0106,18,0.6
093_0001,19,0
093_0002,19,0
093_0003,19,0.6
093_0004,19,0
093_0005,19,0
093_0006,19,0
093_0007,19,0
093_0008,19,0
093_0009,19,0
093_0010,19,0
093_0011,19,0
093_0012,19,0
093_0013,19,0
093_0014,19,0
093_0015,19,0
093_0016,19,0
093_0017,19,0.4
093_0018,19,0
093_0019,19,0.6
093_0020,19,0
093_0021,19,0
093_0022,19,0
093_0023,19,0
093_0024,19,0
093_0025,19,0
093_0026,19,0
093_0027,19,0
093_0028,19,0
093_0029,19,0
093_0030,19,0
093_0031,19,0
093_0032,19,0
093_0033,19,0
093_0034,19,0
093_0035,19,0
093_0036,19,0
093_0037,19,0
093_0038,19,0
093_0039,19,0
093_0040,19,0.2
093_0041,19,0
093_0042,19,0
093_0043,19,0
093_0044,19,0
093_0045,19,0
093_0046,19,0
093_0047,19,0
093_0048,19,0
093_0049,19,0
093_0050,19,0
093_0051,19,0
093_0052,19,0
093_0053,19,0
093_0054,19,0
093_0055,19,0
093_0056,19,0
100_0001,20,0.8
100_0002,20,0.8
100_0003,20,0.8
100_0004,20,0.8
100_0005,20,0.8
100_0006,20,0.8
100_0007,20,0.8
100_0008,20,0.8
100_0009,20,0.8
100_0010,20,0.8
100_0011,20,0.8
100_0012,20,0.8
100_0013,20,0.8
100_0014,20,0.8
100_0015,20,0.8
100_0016,20,0.8
100_0017,20,0.8
100_0018,20,0.8
100_0019,20,0.8
100_0020,20,0.8
100_0021,20,0.8
100_0022,20,0.8
100_0023,20,0.8
100_0024,20,0.8
100_0025,20,0.8
100_0026,20,0.8
100_0027,20,0.8
100_0028,20,0.8
100_0029,20,0.8
100_0030,20,0.8
100_0031,20,0.8
100_0032,20,0.8
100_0033,20,0.8
100_0034,20,0.8
100_0035,20,0.8
100_0036,20,0.8
100_0037,20,0.8
100_0038,20,0.8
100_0039,20,0.8
100_0040,20,0.8
100_0041,20,0.8
100_0042,20,0.8
100_0043,20,0.8
100_0044,20,0.8
100_0045,20,0.8
100_0046,20,0.8
105_0001,21,0
105_0002,21,0
105_0003,21,0
105_0004,21,0
105_0005,21,0
105_0006,21,0
105_0007,21,0
105_0008,21,0
105_0009,21,0
105_0010,21,0
105_0011,21,0
105_0012,21,0
105_0013,21,0
105_0014,21,0
105_0015,21,0
105_0016,21,0
105_0017,21,0
105_0018,21,0
105_0019,21,0
105_0020,21,0
105_0021,21,0
105_0022,21,0
105_0023,21,0
105_0024,21,0
105_0025,21,0
105_0026,21,0
105_0027,21,0
105_0028,21,0
105_0029,21,0
105_0030,21,0
105_0031,21,0
105_0032,21,0
105_0033,21,0
105_0034,21,0
105_0035,21,0
105_0036,21,0
105_0037,21,0
105_0038,21,0
105_0039,21,0
105_0040,21,0
105_0041,21,0
105_0042,21,0
105_0043,21,0
105_0044,21,0
105_0045,21,0
105_0046,21,0
105_0047,21,0
105_0048,21,0
105_0049,21,0
105_0050,21,0
105_0051,21,0
105_0052,21,0
105_0053,21,0
105_0054,21,0
105_0055,21,0
105_0056,21,0
105_0057,21,0
105_0058,21,0
105_0059,21,0
105_0060,21,0
105_0061,21,0
105_0062,21,0
105_0063,21,0
105_0064,21,0
105_0065,21,0
105_0066,21,0
105_0067,21,0
105_0068,21,0
105_0069,21,0
105_0070,21,0
105_0071,21,0
105_0072,21,0
105_0073,21,0
105_0074,21,0
105_0075,21,0
105_0076,21,0
105_0077,21,0
105_0078,21,0
105_0079,21,0
105_0080,21,0
105_0081,21,0
105_0082,21,0
105_0083,21,0
105_0084,21,0
105_0085,21,0
105_0086,21,0
105_0087,21,0
105_0088,21,0
105_0089,21,0
105_0090,21,0
105_0091,21,0
105_0092,21,0
105_0093,21,0
105_0094,21,0
105_0095,21,0
105_0096,21,0
105_0097,21,0
105_0098,21,0
105_0099,21,0
105_0100,21,0
105_0101,21,0
105_0102,21,0
105_0103,21,0
105_0104,21,0
105_0105,21,0
105_0106,21,0
105_0107,21,0
105_0108,21,0
105_0109,21,0
105_0110,21,0
105_0111,21,0
105_0112,21,0
105_0113,21,0
105_0114,21,0
105_0115,21,0
105_0116,21,0
105_0117,21,0
105_0118,21,0
105_0119,21,0
105_0120,21,0
105_0121,21,0
105_0122,21,0
105_0123,21,0
105_0124,21,0
105_0125,21,0
105_0126,21,0
105_0127,21,0
105_0128,21,0
105_0129,21,0
105_0130,21,0
105_0131,21,0
105_0132,21,0
105_0133,21,0
105_0134,21,0
105_0135,21,0
106_0001,22,0.6
106_0002,22,0.4
106_0003,22,0.4
106_0004,22,0
106_0005,22,0.2
106_0006,22,0.4
106_0007,22,0
106_0008,22,0.4
106_0009,22,0
106_0010,22,0.6
106_0011,22,0.6
106_0012,22,0.6
106_0013,22,0
106_0014,22,0.6
106_0015,22,0.2
106_0016,22,0
106_0017,22,0
106_0018,22,0.2
106_0019,22,0.4
106_0020,22,0.4
106_0021,22,0.2
106_0022,22,0
106_0023,22,0.6
106_0024,22,0.6
106_0025,22,0.4
106_0026,22,0.4
106_0027,22,0.4
106_0028,22,0
106_0029,22,0.4
106_0030,22,0.6
106_0031,22,0
106_0032,22,0.4
106_0033,22,0
106_0034,22,0
106_0035,22,0
106_0036,22,0.2
106_0037,22,0.4
106_0038,22,0.4
106_0039,22,0
106_0040,22,0.6
106_0041,22,0.4
106_0042,22,0
106_0043,22,0
106_0044,22,0.4
111_0001,23,0
111_0002,23,0
111_0003,23,0
111_0004,23,0
111_0005,23,0
111_0006,23,0
111_0007,23,0
111_0008,23,0
111_0009,23,0
111_0010,23,0
111_0011,23,0
111_0012,23,0
111_0013,23,0
111_0014,23,0
111_0015,23,0
111_0016,23,0
111_0017,23,0
111_0018,23,0
111_0019,23,0
111_0020,23,0
111_0021,23,0
111_0022,23,0
111_0023,23,0
111_0024,23,0
111_0025,23,0
111_0026,23,0
111_0027,23,0
111_0028,23,0
111_0029,23,0
111_0030,23,0
111_0031,23,0
111_0032,23,0
111_0033,23,0
111_0034,23,0
111_0035,23,0
111_0036,23,0
111_0037,23,0
111_0038,23,0
111_0039,23,0
111_0040,23,0
111_0041,23,0
111_0042,23,0
111_0043,23,0
111_0044,23,0
114_0001,24,0
114_0002,24,0
114_0003,24,0
114_0004,24,0
114_0005,24,0
114_0006,24,0
114_0007,24,0
114_0008,24,0
114_0009,24,0
114_0010,24,0
114_0011,24,0
114_0012,24,0
114_0013,24,0
114_0014,24,0
114_0015,24,0
114_0016,24,0
114_0017,24,0
114_0018,24,0
114_0019,24,0
114_0020,24,0
114_0021,24,0
114_0022,24,0
114_0023,24,0
114_0024,24,0
114_0025,24,0
114_0026,24,0
114_0027,24,0
114_0028,24,0
114_0029,24,0
114_0030,24,0
114_0031,24,0
114_0032,24,0
114_0033,24,0
114_0034,24,0
114_0035,24,0
114_0036,24,0
114_0037,24,0
114_0038,24,0
114_0039,24,0
114_0040,24,0
114_0041,24,0
114_0042,24,0
114_0043,24,0
114_0044,24,0
114_0045,24,0
114_0046,24,0
114_0047,24,0
114_0048,24,0
114_0049,24,0
114_0050,24,0
114_0051,24,0
114_0052,24,0
114_0053,24,0
114_0054,24,0
114_0055,24,0
114_0056,24,0
114_0057,24,0
114_0058,24,0
114_0059,24,0
114_0060,24,0
116_0001,25,0.4
116_0002,25,0.6
116_0003,25,0
116_0004,25,0
116_0005,25,0
116_0006,25,0
116_0007,25,0
116_0008,25,0
116_0009,25,0
116_0010,25,0
116_0011,25,0.4
116_0012,25,0
116_0013,25,0
116_0014,25,0.6
116_0015,25,0
116_0016,25,0
116_0017,25,0
116_0018,25,0
116_0019,25,0
116_0020,25,0
116_0021,25,0
116_0022,25,0.4
116_0023,25,0
116_0024,25,0
116_0025,25,0.6
116_0026,25,0.6
116_0027,25,0
116_0028,25,0
116_0029,25,0
116_0030,25,0
116_0031,25,0
116_0032,25,0
116_0033,25,0
116_0034,25,0.8
116_0035,25,0.4
116_0036,25,0
116_0037,25,0.6
116_0038,25,0.8
116_0039,25,0
116_0040,25,0
116_0041,25,0.6
116_0042,25,0
116_0043,25,0.8
116_0044,25,0
116_0045,25,0
116_0046,25,0
116_0047,25,0
116_0048,25,0
116_0049,25,0
116_0050,25,0
116_0051,25,0.4
116_0052,25,0
116_0053,25,0
121_0001,26,0
121_0002,26,0
121_0003,26,0
121_0004,26,0
121_0005,26,0
121_0006,26,0
121_0007,26,0
121_0008,26,0
121_0009,26,0
121_0010,26,0
121_0011,26,0
121_0012,26,0
121_0013,26,0
121_0014,26,0
121_0015,26,0
121_0016,26,0
121_0017,26,0
121_0018,26,0
121_0019,26,0
121_0020,26,0
121_0021,26,0
121_0022,26,0
121_0023,26,0
121_0024,26,0
121_0025,26,0
121_0026,26,0
121_0027,26,0
121_0028,26,0
121_0029,26,0
121_0030,26,0
121_0031,26,0
121_0032,26,0
121_0033,26,0
121_0034,26,0
121_0035,26,0
121_0036,26,0
121_0037,26,0
121_0038,26,0
121_0039,26,0
121_0040,26,0
121_0041,26,0
124_0001,27,0
124_0002,27,0
124_0003,27,0
124_0004,27,0
124_0005,27,0
124_0006,27,0
124_0007,27,0
124_0008,27,0
124_0009,27,0
124_0010,27,0
124_0011,27,0
124_0012,27,0
124_0013,27,0
124_0014,27,0
124_0015,27,0
124_0016,27,0
124_0017,27,0
124_0018,27,0
124_0019,27,0
124_0020,27,0
124_0021,27,0
124_0022,27,0
124_0023,27,0
124_0024,27,0
124_0025,27,0
124_0026,27,0
124_0027,27,0
124_0028,27,0
124_0029,27,0
124_0030,27,0
124_0031,27,0
124_0032,27,0
124_0033,27,0
124_0034,27,0
124_0035,27,0
124_0036,27,0
124_0037,27,0
124_0038,27,0
124_0039,27,0
124_0040,27,0
124_0041,27,0
124_0042,27,0
124_0043,27,0
124_0044,27,0
124_0045,27,0
129_0001,28,0.4
129_0002,28,0.4
129_0003,28,0.4
129_0004,28,0.4
129_0005,28,0.4
129_0006,28,0.4
129_0007,28,0.4
129_0008,28,0.4
129_0009,28,0.4
129_0010,28,0.4
129_0011,28,0.4
129_0012,28,0.4
129_0013,28,0.4
129_0014,28,0.4
129_0015,28,0.4
129_0016,28,0.4
129_0017,28,0.4
129_0018,28,0.4
129_0019,28,0.4
129_0020,28,0.4
129_0021,28,0.4
129_0022,28,0.4
129_0023,28,0.4
129_0024,28,0.4
129_0025,28,0.4
129_0026,28,0.4
129_0027,28,0.4
129_0028,28,0.4
129_0029,28,0.4
129_0030,28,0.4
129_0031,28,0.4
129_0032,28,0.4
129_0033,28,0.4
129_0034,28,0.4
129_0035,28,0.4
129_0036,28,0.4
129_0037,28,0.4
129_0038,28,0.4
129_0039,28,0.4
129_0040,28,0.4
129_0041,28,0.4
129_0042,28,0.4
129_0043,28,0.4
129_0044,28,0.4
129_0045,28,0.4
129_0046,28,0.4
129_0047,28,0.4
129_0048,28,0.4
129_0049,28,0.4
129_0050,28,0.4
129_0051,28,0.4
129_0052,28,0.4
129_0053,28,0.4
129_0054,28,0.4
129_0055,28,0.4
129_0056,28,0.4
129_0057,28,0.4
129_0058,28,0.4
129_0059,28,0.4
129_0060,28,0.4
129_0061,28,0.4
129_0062,28,0.4
129_0063,28,0.4
129_0064,28,0.4
129_0065,28,0.4
129_0066,28,0.4
129_0067,28,0.4
129_0068,28,0.4
129_0069,28,0.4
129_0070,28,0.4
129_0071,28,0.4
129_0072,28,0.4
129_0073,28,0.4
129_0074,28,0.4
129_0075,28,0.4
129_0076,28,0.4
129_0077,28,0.4
129_0078,28,0.4
129_0079,28,0.4
129_0080,28,0.4
129_0081,28,0.4
129_0082,28,0.4
129_0083,28,0.4
129_0084,28,0.4
129_0085,28,0.4
129_0086,28,0.4
129_0087,28,0.4
129_0088,28,0.4
129_0089,28,0.4
129_0090,28,0.4
129_0091,28,0.4
129_0092,28,0.4
129_0093,28,0.4
129_0094,28,0.4
129_0095,28,0.4
150_0001,29,0
150_0002,29,0
150_0003,29,0
150_0004,29,0
150_0005,29,0
150_0006,29,0
150_0007,29,0
150_0008,29,0
150_0009,29,0
150_0010,29,0
150_0011,29,0
150_0012,29,0
150_0013,29,0
150_0014,29,0
150_0015,29,0
150_0016,29,0
150_0017,29,0
150_0018,29,0
150_0019,29,0
150_0020,29,0
150_0021,29,0
150_0022,29,0
150_0023,29,-1
150_0024,29,0
150_0025,29,0
150_0026,29,0
150_0027,29,0
150_0028,29,0
150_0029,29,0
150_0030,29,0
150_0031,29,0
150_0032,29,0
150_0033,29,0
150_0034,29,0
150_0035,29,0
150_0036,29,0
150_0037,29,0
150_0038,29,0
150_0039,29,0
150_0040,29,0
150_0041,29,0
150_0042,29,0
150_0043,29,0
150_0044,29,0
150_0045,29,0
150_0046,29,0
150_0047,29,0
150_0048,29,0
150_0049,29,0
150_0050,29,0
150_0051,29,0
150_0052,29,0
150_0053,29,0
150_0054,29,0
150_0055,29,0
151_0001,30,0
151_0002,30,0
151_0003,30,0.8
151_0004,30,0
151_0005,30,0
151_0006,30,0
151_0007,30,0
151_0008,30,0
151_0009,30,0
151_0010,30,0
151_0011,30,0
151_0012,30,0
151_0013,30,0.2
151_0014,30,0
151_0015,30,0
151_0016,30,0
151_0017,30,0
151_0018,30,0
151_0019,30,0
151_0020,30,0
151_0021,30,0
151_0022,30,0
151_0023,30,0
151_0024,30,0
151_0025,30,0
151_0026,30,0
151_0027,30,0
151_0028,30,0
151_0029,30,0.4
151_0030,30,0
151_0031,30,0
151_0032,30,0
151_0033,30,0
151_0034,30,0
151_0035,30,0
151_0036,30,0
151_0037,30,0
151_0038,30,0
151_0039,30,0
151_0040,30,0
151_0041,30,0
151_0042,30,0
151_0043,30,0
151_0044,30,0
151_0045,30,0
151_0046,30,0
151_0047,30,0
151_0048,30,0
151_0049,30,0
151_0050,30,0
151_0051,30,0
151_0052,30,0
151_0053,30,0
151_0054,30,0
151_0055,30,0
152_0001,31,0
152_0002,31,0
152_0003,31,0
152_0004,31,0
152_0005,31,0
152_0006,31,0
152_0007,31,0
152_0008,31,0.4
152_0009,31,0
152_0010,31,0.4
152_0011,31,0
152_0012,31,0
152_0013,31,0
152_0014,31,0
152_0015,31,0
152_0016,31,0
152_0017,31,0
152_0018,31,0
152_0019,31,0
152_0020,31,0
152_0021,31,0
152_0022,31,0
152_0023,31,0
152_0024,31,0.2
152_0025,31,0
152_0026,31,0.4
152_0027,31,0
152_0028,31,0
152_0029,31,0
152_0030,31,0
152_0031,31,0
152_0032,31,0
152_0033,31,0
152_0034,31,0
152_0035,31,0
152_0036,31,0
152_0037,31,0
152_0038,31,0
152_0039,31,0
152_0040,31,0
152_0041,31,0
152_0042,31,0
152_0043,31,0
152_0044,31,0.2
152_0045,31,0
152_0046,31,0
152_0047,31,0
152_0048,31,0
152_0049,31,0
152_0050,31,0
152_0051,31,0
152_0052,31,0
152_0053,31,0
152_0054,31,0.4
152_0055,31,0.4
152_0056,31,0
152_0057,31,0.4
152_0058,31,0.8
152_0059,31,0
152_0060,31,0
158_0001,32,0.2
158_0002,32,0
158_0003,32,0.2
158_0004,32,0
158_0005,32,0
158_0006,32,0.2
158_0007,32,0.6
158_0008,32,0.8
158_0009,32,0.2
158_0010,32,0.2
158_0011,32,0.8
158_0012,32,0.2
158_0013,32,0.6
158_0014,32,0.4
158_0015,32,0.6
158_0016,32,0.2
158_0017,32,0.8
158_0018,32,0.8
158_0019,32,0.2
158_0020,32,0.8
158_0021,32,0.2
158_0022,32,0.8
158_0023,32,0.8
158_0024,32,0.2
158_0025,32,0
158_0026,32,0.6
158_0027,32,0.2
158_0028,32,0.2
158_0029,32,0.8
158_0030,32,0.2
158_0031,32,0
158_0032,32,0.8
158_0033,32,-1
158_0034,32,0.2
158_0035,32,0.2
158_0036,32,0
158_0037,32,0.8
158_0038,32,0
158_0039,32,0.8
158_0040,32,0.6
158_0041,32,0.2
158_0042,32,0.2
158_0043,32,0
158_0044,32,0
158_0045,32,0.2
158_0046,32,0
158_0047,32,0.2
158_0048,32,0.6
158_0049,32,0.2
158_0050,32,1
158_0051,32,0.2
158_0052,32,0.4
158_0053,32,0
158_0054,32,0.2
158_0055,32,0.2
158_0056,32,0
158_0057,32,0.2
158_0058,32,0.2
158_0059,32,0.4
158_0060,32,0
158_0061,32,0
158_0062,32,0.2
158_0063,32,0.4
158_0064,32,0.8
158_0065,32,0
158_0066,32,0.2
158_0067,32,0.2
158_0068,32,0
158_0069,32,0
158_0070,32,0
158_0071,32,0.2
158_0072,32,0
158_0073,32,0.2
158_0074,32,0.2
158_0075,32,0.2
164_0001,33,0
164_0002,33,0
164_0003,33,0
164_0004,33,0
164_0005,33,0
164_0006,33,0
164_0007,33,0
164_0008,33,0
164_0009,33,0
164_0010,33,0
164_0011,33,0
164_0012,33,0
164_0013,33,0.2
164_0014,33,0
164_0015,33,0
164_0016,33,0
164_0017,33,0
164_0018,33,0
164_0019,33,0
164_0020,33,0
164_0021,33,0
164_0022,33,0
164_0023,33,0
164_0024,33,0
164_0025,33,0
164_0026,33,0
164_0027,33,0
164_0028,33,0
164_0029,33,0
164_0030,33,0
164_0031,33,0
164_0032,33,0
164_0033,33,0
164_0034,33,0
164_0035,33,0
164_0036,33,0
164_0037,33,0
164_0038,33,0
164_0039,33,0
164_0040,33,0
164_0041,33,0
164_0042,33,0
164_0043,33,0
164_0044,33,0
164_0045,33,0
164_0046,33,0
164_0047,33,0
164_0048,33,0
164_0049,33,0
164_0050,33,0
166_0001,34,0
166_0002,34,0
166_0003,34,0
166_0004,34,0
166_0005,34,0
166_0006,34,0
166_0007,34,0
166_0008,34,0
166_0009,34,0
166_0010,34,0
166_0011,34,0
166_0012,34,0
166_0013,34,0
166_0014,34,0
166_0015,34,0
166_0016,34,0
166_0017,34,0
166_0018,34,0
166_0019,34,0
166_0020,34,0
166_0021,34,0
166_0022,34,0
166_0023,34,0
166_0024,34,0
166_0025,34,0
166_0026,34,0
166_0027,34,0
166_0028,34,0
166_0029,34,0
166_0030,34,0
166_0031,34,0
166_0032,34,0
166_0033,34,0
166_0034,34,0
166_0035,34,0
166_0036,34,0
166_0037,34,0
166_0038,34,0
166_0039,34,0
166_0040,34,0
166_0041,34,0
166_0042,34,0
166_0043,34,0
166_0044,34,0
166_0045,34,0
166_0046,34,0
186_0001,35,0
186_0002,35,0
186_0003,35,0
186_0004,35,0
186_0005,35,0
186_0006,35,0
186_0007,35,0
186_0008,35,0
186_0009,35,0
186_0010,35,0
186_0011,35,0
186_0012,35,0
186_0013,35,0
186_0014,35,0
186_0015,35,0
186_0016,35,0
186_0017,35,0
186_0018,35,-1
186_0019,35,0.4
186_0020,35,0
186_0021,35,0
186_0022,35,0
186_0023,35,0
186_0024,35,0
186_0025,35,0
186_0026,35,0
186_0027,35,0
186_0028,35,0
186_0029,35,0
186_0030,35,0
186_0031,35,0
186_0032,35,0
186_0033,35,0
186_0034,35,0
186_0035,35,0
186_0036,35,0
186_0037,35,0
186_0038,35,0
186_0039,35,0
186_0040,35,0
189_0001,36,0
189_0002,36,0
189_0003,36,0
189_0004,36,0.6
189_0005,36,0
189_0006,36,0
189_0007,36,0
189_0008,36,0
189_0009,36,0
189_0010,36,0
189_0011,36,0
189_0012,36,0
189_0013,36,0
189_0014,36,0
189_0015,36,0
189_0016,36,0
189_0017,36,0
189_0018,36,0
189_0019,36,0
189_0020,36,0
189_0021,36,0
189_0022,36,0
189_0023,36,0
189_0024,36,0
189_0025,36,0
189_0026,36,0
189_0027,36,0
189_0028,36,0
189_0029,36,0
189_0030,36,0
189_0031,36,0
189_0032,36,0
189_0033,36,0
189_0034,36,0
189_0035,36,0
189_0036,36,0
189_0037,36,0
189_0038,36,0
189_0039,36,0
189_0040,36,0
189_0041,36,0
189_0042,36,0
189_0043,36,0
189_0044,36,0
189_0045,36,0
189_0046,36,0
189_0047,36,0
189_0048,36,0
189_0049,36,0
189_0050,36,0
189_0051,36,0
189_0052,36,0
189_0053,36,0
189_0054,36,0
189_0055,36,0
189_0056,36,0
189_0057,36,0
189_0058,36,0
189_0059,36,0
189_0060,36,0
190_0001,37,0
190_0002,37,0.4
190_0003,37,0
190_0004,37,0
190_0005,37,0
190_0006,37,0
190_0007,37,0
190_0008,37,0
190_0009,37,0
190_0010,37,0
190_0011,37,0
190_0012,37,0
190_0013,37,0.6
190_0014,37,0
190_0015,37,0
190_0016,37,0
190_0017,37,0
190_0018,37,0
190_0019,37,0
190_0020,37,0
190_0021,37,0
190_0022,37,0
190_0023,37,0.2
190_0024,37,0
190_0025,37,0
190_0026,37,0
190_0027,37,0
190_0028,37,0
190_0029,37,0
190_0030,37,0
190_0031,37,0
190_0032,37,0
190_0033,37,0
190_0034,37,0
190_0035,37,0
190_0036,37,0
190_0037,37,0
190_0038,37,0
190_0039,37,-1
190_0040,37,0
190_0041,37,0
190_0042,37,0.4
190_0043,37,0
190_0044,37,0
190_0045,37,0.2
190_0046,37,0
190_0047,37,0
190_0048,37,0
190_0049,37,0
190_0050,37,0
190_0051,37,0
190_0052,37,0
190_0053,37,0
190_0054,37,0
190_0055,37,0
190_0056,37,0.4
198_0001,38,0
198_0002,38,0
198_0003,38,0
198_0004,38,0
198_0005,38,0
198_0006,38,0
198_0007,38,0
198_0008,38,0
198_0009,38,0
198_0010,38,0
198_0011,38,0
198_0012,38,0
198_0013,38,-1
198_0014,38,0
198_0015,38,0
198_0016,38,0
198_0017,38,0
198_0018,38,0
198_0019,38,0
198_0020,38,0
198_0021,38,0
198_0022,38,0
198_0023,38,0
198_0024,38,0
198_0025,38,0.6
198_0026,38,0
198_0027,38,0
198_0028,38,0
198_0029,38,0
198_0030,38,0
198_0031,38,0
198_0032,38,0
198_0033,38,0
198_0034,38,0
198_0035,38,0
198_0036,38,0
198_0037,38,0
198_0038,38,0
198_0039,38,0
198_0040,38,0
198_0041,38,0
198_0042,38,0
198_0043,38,0
198_0044,38,0
198_0045,38,0
198_0046,38,0
198_0047,38,0
198_0048,38,0
198_0049,38,0
198_0050,38,0
198_0051,38,0
198_0052,38,0
198_0053,38,0
198_0054,38,0.6
201_0001,39,0
201_0002,39,0
201_0003,39,-1
201_0004,39,0
201_0005,39,0
201_0006,39,0
201_0007,39,0
201_0008,39,0
201_0009,39,0.8
201_0010,39,0.8
201_0011,39,0.8
201_0012,39,0.8
201_0013,39,0
201_0014,39,0
201_0015,39,0
201_0016,39,0
201_0017,39,0
201_0018,39,0
201_0019,39,0.8
201_0020,39,0
201_0021,39,-1
201_0022,39,0
201_0023,39,0
201_0024,39,0
201_0025,39,0
201_0026,39,0
201_0027,39,0
201_0028,39,0.8
201_0029,39,0
201_0030,39,0
201_0031,39,0
201_0032,39,0
201_0033,39,0
201_0034,39,0
201_0035,39,0
201_0036,39,0
201_0037,39,0.8
201_0038,39,0
201_0039,39,0
201_0040,39,0
207_0001,40,0
207_0002,40,0
207_0003,40,0
207_0004,40,0
207_0005,40,0
207_0006,40,0
207_0007,40,0
207_0008,40,0
207_0009,40,0
207_0010,40,0
207_0011,40,0
207_0012,40,0
207_0013,40,0
207_0014,40,0
207_0015,40,0
207_0016,40,0
207_0017,40,0
207_0018,40,0
207_0019,40,0
207_0020,40,0
207_0021,40,0
207_0022,40,0
207_0023,40,0
207_0024,40,0
207_0025,40,0
207_0026,40,0
207_0027,40,0
207_0028,40,0
207_0029,40,0
207_0030,40,0
207_0031,40,0
207_0032,40,0
207_0033,40,0
207_0034,40,0
207_0035,40,0
207_0036,40,0
207_0037,40,0
207_0038,40,0
207_0039,40,0
207_0040,40,0
207_0041,40,0
207_0042,40,0
207_0043,40,0
207_0044,40,0
207_0045,40,0
207_0046,40,0
207_0047,40,0
207_0048,40,0
207_0049,40,0
207_0050,40,0
207_0051,40,0
207_0052,40,0
207_0053,40,0
207_0054,40,0
207_0055,40,0
207_0056,40,0
207_0057,40,0
207_0058,40,0
250_0001,41,0.2
250_0002,41,0.2
250_0003,41,0.2
250_0004,41,0.4
250_0005,41,0.6
250_0006,41,0.2
250_0007,41,0.2
250_0008,41,0.6
250_0009,41,0.2
250_0010,41,0.2
250_0011,41,0.4
250_0012,41,0.2
250_0013,41,0.2
250_0014,41,0.6
250_0015,41,0.4
250_0016,41,0.2
250_0017,41,0.2
250_0018,41,0.2
250_0019,41,0.6
250_0020,41,0.2
250_0021,41,0.2
250_0022,41,0.2
250_0023,41,0.2
250_0024,41,0.2
250_0025,41,0.2
250_0026,41,0.2
250_0027,41,0.2
250_0028,41,0.6
250_0029,41,0.2
250_0030,41,0.2
250_0031,41,0.2
250_0032,41,0.2
250_0033,41,0.2
250_0034,41,0.2
250_0035,41,0.4
250_0036,41,0.2
250_0037,41,0.2
250_0038,41,0.2
250_0039,41,0.2
250_0040,41,0.2
250_0041,41,0.2
250_0042,41,0.2
250_0043,41,0.2
250_0044,41,0.4
250_0045,41,0.2
250_0046,41,0.6
250_0047,41,0.2
250_0048,41,0.6
254_0001,42,0
254_0002,42,0
254_0003,42,0
254_0004,42,0
254_0005,42,0
254_0006,42,0
254_0007,42,0
254_0008,42,0
254_0009,42,0
254_0010,42,0
254_0011,42,0
254_0012,42,0
254_0013,42,0
254_0014,42,0
254_0015,42,0
254_0016,42,0
254_0017,42,0
254_0018,42,0
254_0019,42,0
254_0020,42,0
254_0021,42,0
254_0022,42,0
254_0023,42,0
254_0024,42,0
254_0025,42,0
254_0026,42,0
254_0027,42,0
254_0028,42,0
254_0029,42,0
254_0030,42,0
254_0031,42,0
254_0032,42,0
254_0033,42,0
254_0034,42,0
254_0035,42,0
254_0036,42,0
254_0037,42,0
254_0038,42,0
254_0039,42,0
254_0040,42,0
254_0041,42,0
254_0042,42,0
254_0043,42,0
254_0044,42,0
254_0045,42,0
254_0046,42,0
254_0047,42,0
254_0048,42,0
256_0001,43,0
256_0002,43,0
256_0003,43,0
256_0004,43,0
256_0005,43,0.6
256_0006,43,0
256_0007,43,0
256_0008,43,0
256_0009,43,0
256_0010,43,0
256_0011,43,-1
256_0012,43,0
256_0013,43,0
256_0014,43,0
256_0015,43,0
256_0016,43,0
256_0017,43,0
256_0018,43,0.4
256_0019,43,1
256_0020,43,0
256_0021,43,0
256_0022,43,0
256_0023,43,-1
256_0024,43,0
256_0025,43,0
256_0026,43,0
256_0027,43,0
256_0028,43,0
256_0029,43,0
256_0030,43,0
256_0031,43,-1
256_0032,43,0
256_0033,43,0
256_0034,43,0
256_0035,43,0
256_0036,43,0
256_0037,43,0
256_0038,43,0
256_0039,43,0
256_0040,43,0
256_0041,43,0
256_0042,43,0
256_0043,43,0
256_0044,43,0
256_0045,43,0
256_0046,43,0
256_0047,43,0
256_0048,43,-1
256_0049,43,0
256_0050,43,0
256_0051,43,0
256_0052,43,0
256_0053,43,0
256_0054,43,0